url,title,score,comments,age,user_interest,user_ranking_time
https://robertchen.cc/blog/2021/04/03/github-pages-xss,Breaking GitHub Private Pages for $35k,312,40,5,2,1617783902.157635
https://www.troyhunt.com/the-facebook-phone-numbers-are-now-searchable-in-have-i-been-pwned/,The Facebook Phone Numbers Are Now Searchable in Have I Been Pwned,181,73,3,0,1617783902.1576366
https://www.djangoproject.com/weblog/2021/apr/06/django-32-released/,Django 3.2,150,56,2,1,1617783902.157637
https://kallithea-scm.org/,Kallithea – Self-hosted alternative to GitHub,82,44,4,1,1617783902.1576374
https://ziglang.org/news/jakub-konka-hired-full-time/,Zig first full-time dev hired,51,2,3,0,1617783902.1576378
https://news.mit.edu/2020/engram-memories-form-1005,Neuroscientists discover molecular mechanism that allows memories to form (2020),62,37,5,2,1617783902.157638
https://rbranson.medium.com/10-things-i-hate-about-postgresql-20dbab8c2791,Things I Hate About PostgreSQL (2020),138,74,5,1,1617783902.1576383
https://www.supremecourt.gov/opinions/20pdf/18-956_d18f.pdf,Google’s copying of the Java SE API was fair use [pdf],3735,867,22,3,1617783902.157639
https://www.facebook.com/business/help/966883707418907,Facebook Analytics will no longer be available,127,54,7,1,1617783902.1576393
https://github.com/sayanarijit/xplr,"Show HN: Xplr – A hackable, minimal, fast TUI file explorer, written in Rust",141,42,7,2,1617783902.1576407
https://browser.engineering/layout.html,How Browsers Lay Out Web Pages,195,29,10,3,1617783902.157641
https://arxiv.org/abs/2103.16574,“I’ll Finish It This Week” and Other Lies,207,78,12,0,1617783902.1576414
http://www.talkingquickly.co.uk/kubernetes-sso-a-detailed-guide,A detailed guide to SSO on Kubernetes,19,3,3,1,1617783902.1576416
https://www.ft.com/content/22c9b76b-ea36-4c8c-8cae-1bbb104098d2,The rich shouldn’t feel like the enemy’: Is New York turning on the wealthy?,24,31,1,0,1617783902.157642
https://therecord.media/booking-com-fined-e475000-for-reporting-data-breach-too-late/,Booking.com fined €475k for reporting data breach too late,165,64,5,0,1617783902.1576426
https://support.apple.com/en-us/HT210626,"To upgrade the SSD in a Mac Pro, you need a second Mac computer",96,64,9,0,1617783902.1576428
http://funcall.blogspot.com/2021/04/early-lisp-part-ii-apply-redux.html?m=1,Early Lisp Part II,56,11,8,3,1617783902.157643
https://www.fedtech.io/nasastartupstudio,NASA Startup Studio,99,11,11,0,1617783902.1576438
https://uk.help.yahoo.com/kb/SLN35642.html,"Yahoo Answers to shut down May 4, 2021",495,319,17,0,1617783902.157644
https://diff.substack.com/p/how-apple-can-own-io-to-own-the-universe,Apple Can Own I/O to Own the Universe,70,31,11,1,1617783902.1576445
https://www.quantamagazine.org/mathematicians-settle-erdos-coloring-conjecture-20210405/,Mathematicians Settle Erdős Coloring Conjecture,63,7,12,3,1617783902.1576445
http://www.spaceandmatter.nl/schoonschip,"Schoonschip – Unique residential area: floating, sustainable, circular",49,18,9,0,1617783902.1576447
https://www.joinclubhouse.com/introducing-payments,Clubhouse Payments,171,200,14,0,1617783902.157645
https://www.indiatoday.in/technology/news/story/leaked-phone-number-of-mark-zuckerberg-reveals-he-is-on-signal-1787396-2021-04-05,Leaked phone number of Mark Zuckerberg reveals he is on Signal,228,101,16,0,1617783902.1576452
https://builtbywords.substack.com/p/writing-tools-i-learned-from-the,Writing tools I learned from The Economist,559,221,21,0,1617783902.1576457
https://haveibeenfacebooked.com/,Have I Been Facebooked?,318,185,17,0,1617783902.157646
https://www.wsj.com/articles/credit-suisse-takes-4-7-billion-hit-on-archegos-meltdown-11617687483,Credit Suisse Loses 4.7B,13,1,1,0,1617783902.1576471
https://www.axios.com/fda-approves-new-adhd-drug-for-children-d7bb24d4-7bf2-4a5e-a505-833ed57dee7a.html,FDA approves new ADHD drug for children,78,230,12,0,1617783902.1576474
https://en.wikipedia.org/wiki/Optimal_stopping,Optimal Stopping,70,19,13,3,1617783902.1576476
https://waffleironer.medium.com/legalizing-gay-marriage-in-crusader-kings-iii-with-ghidra-2602e6aa8689,Legalizing gay marriage in Crusader Kings III with Ghidra,372,135,17,2,1617783902.1576478
https://inf.news/en/digital/b5599514f985bf2acd947d74d74a203d.html,Chinese engineers cracked Apple's M1 chip and successfully upgrade RAM and SSD,39,20,2,2,1617783902.157648
https://dms.umontreal.ca/~andrew/PDF/beeb.pdf,Zaphod Beeblebrox's Brain and the 59th row of Pascal's Triangle [pdf],44,4,13,3,1617783902.1576483
https://www.photonics.com/Articles/UCLA_Researchers_Create_All-Optical_Diffractive/a63751,UCLA researchers create all-optical diffractive deep neural network (2018),53,4,10,2,1617783902.1576486
https://www.irishtimes.com/news/offbeat/the-crate-escape-two-irishmen-who-helped-mail-friend-home-from-australia-sought-1.4529448,‘The crate escape’: Irishmen who helped mail friend home from Australia sought,12,0,3,1,1617783902.1576488
https://www.cnbc.com/2021/04/05/google-will-stop-using-oracle-finance-software-switch-to-sap.html,Google will stop using Oracle’s finance software and adopt SAP instead,173,140,12,0,1617783902.157649
https://forums.aws.amazon.com/thread.jspa?threadID=58127&start=50&tstart=0,AWS bill capping feature request thread still unanswered after 10 years,302,131,7,0,1617783902.1576495
https://aava.sh,Show HN: My personal website is a shell,390,164,20,1,1617783902.1576512
https://www.axios.com/lg-is-getting-out-of-the-mobile-phone-business-a1398158-51e4-428b-a649-47e080884fee.html,LG is getting out of the mobile phone business,604,661,1,0,1617783902.1576514
https://www.cdc.gov/coronavirus/2019-ncov/more/science-and-research/surface-transmission.html,Contaminated surface has under 1 in 10k chance of causing an infection,135,115,6,2,1617783902.1576517
https://www.reddit.com/r/screamer/comments/ly89ct/pnrtscrcom_the_ultimate_lightshot_screamer/,"pnrtscr.com, a modern jump scare (screamer)",6,0,2,0,1617783902.157652
https://medium.com/mit-technology-review/lets-destroy-bitcoin-3211861ce7a3,Let’s Destroy Bitcoin,10,2,3,0,1617783902.157652
https://hackaday.com/2021/04/06/you-otter-be-able-to-stream-that-audio-open-hardware-eclipses-chromecast-audio/,You Otter Be Able to Stream That Audio: Open Hardware Eclipses Chromecast Audio,3,0,1,2,1617783902.1576524
https://www.lesswrong.com/posts/JZZENevaLzLLeC3zn/predictive-coding-has-been-unified-with-backpropagation,Predictive coding has been unified with backpropagation,290,69,23,3,1617783902.1576529
https://cdn.static-economist.com/sites/default/files/store/Style_Guide_2015.pdf,The Economist's Style Guide [pdf],110,20,15,0,1617783902.157653
https://github.blog/2021-04-05-behind-githubs-new-authentication-token-formats/,Behind GitHub’s new authentication token formats,233,78,20,1,1617783902.157653
https://edition.cnn.com/2021/04/05/world/mars-helicopter-ingenuity-nasa-rotorcraft-scn-trnd/index.html,NASA's helicopter survives first freezing night on Mars,138,74,16,1,1617783902.1576536
https://www.nytimes.com/2021/04/05/technology/amazon-nlrb-activist-workers.html,"Amazon illegally fired activist workers, Labor Board finds",677,357,1,0,1617783902.1576538
https://www.kenneth-truyers.net/2016/10/13/git-nosql-database/,Git as a NoSql Database (2016),131,105,16,1,1617783902.1576548
https://www.joelonsoftware.com/2000/08/09/the-joel-test-12-steps-to-better-code/,Strong software tips from 2000 that are 100% valid today,75,34,9,2,1617783902.157655
https://phys.org/news/2021-04-stardust-pale-blue-dot-carbon.html,Carbon's interstellar journey to Earth,34,4,17,2,1617783902.1576552
https://medium.com/serious-scrum/sorry-scrum-the-game-might-be-over-for-you-915227f3a0d,"Sorry Scrum, the Game Might Be over for You",13,3,4,0,1617783902.1576557
https://imgur.com/a/tVB9xOx,8-bit Turing complete computer that I made in Factorio (2019),120,49,18,3,1617783902.1576557
https://github.com/FMS-Cat/condition,Condition: A 64KB WebGL Intro,113,39,15,2,1617783902.157656
https://www.axios.com/australia-new-zealand-covid-travel-bubble-ffd332a7-4024-47a6-bc3f-c7af4eeb3270.html,New Zealand to open quarantine-free “travel bubble” with Australia,30,49,5,0,1617783902.157656
https://krebsonsecurity.com/2021/04/ubiquiti-all-but-confirms-breach-response-iniquity/,Ubiquiti all but confirms breach response iniquity,593,287,1,1,1617783902.1576564
https://developer.apple.com/news/?id=8h0btjq7,Get Ready for AppTrackingTransparency,23,0,15,1,1617783902.157657
https://www.vice.com/en/article/wx8w7b/colorado-denied-its-citizens-the-right-to-repair-after-riveting-testimony,Colorado Denied Its Citizens the Right-to-Repair After Riveting Testimony,25,4,6,0,1617783902.1576571
https://haveibeenpwned.com/PwnedWebsites#Facebook,HaveIBeenPwned adds yesterday's Facebook breach,516,155,1,0,1617783902.1576574
https://www.cantorsparadise.com/when-feynman-met-dirac-fe9cca0006df,When Feynman met Dirac (2020),190,83,1,1,1617783902.1576576
https://www.eff.org/deeplinks/2021/04/553000000-reasons-not-let-facebook-make-decisions-about-your-privacy,553M Reasons Not to Let Facebook Make Decisions About Your Privacy,55,2,12,0,1617783902.1576586
https://www.bbc.co.uk/news/health-56180921,Vitamin D: The truth about an alleged Covid ‘cover-up’,56,77,6,0,1617783902.1576588
https://www.economist.com/europe/2021/03/31/how-netflix-is-creating-a-common-european-culture,Streaming subtitled box sets is the new Eurovision,213,324,1,0,1617783902.157659
https://kilianvalkhof.com/2021/web/prescriptive-software-is-better-than-descriptive-software/,Prescriptive software is better than descriptive software,165,104,22,2,1617783902.1576593
https://github.com/vladkol/azure-debug-relay,Show HN: Distributed Remote Debugging for Python,21,1,14,1,1617783902.1576595
http://www.sbcl.org/news.html?2.1.3#2.1.3,SBCL 2.1.3 Released,23,9,17,3,1617783902.15766
https://www.airspacemag.com/flight-today/flight-box-180977303/,How did Microsoft make Flight Simulator seem so real?,323,152,1,2,1617783902.1576602
https://www.businessinsider.com/uber-california-driver-independent-contractors-pricing-destinations-prop-22-passage-2021-4,Uber is revoking CA drivers ability to set prices and preview destinations,17,6,7,0,1617783902.1576605
https://blog.chromium.org/2021/04/dont-copy-that-surface.html,Don’t Copy That Surface,84,18,18,3,1617783902.1576607
https://www.ctvnews.ca/w5/i-will-always-be-someone-s-porn-one-woman-s-struggle-to-remove-all-traces-of-her-videotaped-sexual-assault-1.5371804,One woman's struggle to remove all traces of videotaped sexual assault,206,238,1,0,1617783902.157661
https://www.vidarholen.net/contents/blog/?p=995,Why is /usr/bin/test 4kiB smaller than /usr/bin/[?,18,1,20,2,1617783902.1576612
https://arnon.dk/5-things-i-learned-developing-billing-system/,Things I learned while developing a billing system,253,105,19,2,1617783902.1576614
https://cesium.com/blog/2021/03/30/cesium-for-unreal-now-available/,Cesium for Unreal Now Available,249,46,1,2,1617783902.1576617
https://www.sgvtribune.com/2021/03/25/the-myth-of-excess-vacant-housing-distracts-from-solutions/,The myth of excess vacant housing distracts from solutions,80,102,12,0,1617783902.157662
https://www.theverge.com/2018/2/14/17012528/asexual-asexuality-ace-online-dating,Online dating isn’t easy – especially when you’re asexual (2018),4,1,2,0,1617783902.1576662
https://lilianweng.github.io/lil-log/2019/03/14/are-deep-neural-networks-dramatically-overfitted.html,Are deep neural networks dramatically overfitted? (2019),206,77,1,2,1617783902.1576664
https://www.newyorker.com/science/maria-konnikova/the-secret-formula-for-resilience,How people learn to become resilient (2016),86,78,18,0,1617783902.157667
https://believermag.com/english-esperanto-universal-language/,A Tale of Two Tongues,11,1,12,0,1617783902.1576672
https://narco.news/hail-to-the-king,The U.S. Helped the Biggest Cartel in Mexico Traffic Drugs and Commit Murders,13,1,6,0,1617783902.1576674
https://www.theguardian.com/world/2021/apr/05/soviet-tv-version-lord-of-the-rings-rediscovered-after-30-years,Soviet TV version of Lord of the Rings rediscovered after 30 years,207,90,1,0,1617783902.1576676
https://www.newyorker.com/magazine/2021/04/12/surviving-the-crackdown-in-xinjiang,Surviving the Crackdown in Xinjiang,10,1,5,0,1617783902.157668
https://panasonic.jp/cns/pc/appli/kobe_factory/,Panasonic Computer 30 years anniversary page,13,11,14,2,1617783902.1576684
https://www.cnn.com/2021/04/05/investing/nft-prices-falling/index.html,The NFT bubble might be bursting already,12,0,7,0,1617783902.1576688
https://www.wsj.com/articles/coinbase-independent-directors-have-close-company-ties-11617620400,Coinbase Independent Directors Have Close Company Ties,108,8,22,0,1617783902.157669
https://nts.strzibny.name/elixir-phoenix-after-two-year/,Elixir and Phoenix after two years,249,99,18,3,1617783902.1576693
https://www.youtube.com/watch?v=bsCN0Yx2Vbs,Cobble_stone.jpg is everywhere – Texture Archaeology,17,0,9,2,1617783902.1576695
https://www.nytimes.com/2021/03/30/science/blackwater-photography-fish-larvae.html,Blackwater photography is helping scientists gain insights into fish larvae,33,2,1,2,1617783902.1576698
https://rachitsingh.com/deep-learning-model-compression/,Deep learning model compression methods,79,21,1,2,1617783902.1576705
https://www.vanityfair.com/style/2021/03/the-case-of-the-purloined-books,"Cracking the case of London’s elusive, acrobatic rare-book thieves",72,40,23,0,1617783902.1576707
https://aeon.co/essays/the-peoples-ambassadress-the-forgotten-diplomacy-of-ivy-litvinov,Madame Comrade,11,0,16,0,1617783902.157671
https://semiwiki.com/general/297730-semiconductor-startups-are-they-back/,Semiconductor Startups – Are they back?,71,49,1,2,1617783902.1576731
https://www.economist.com/graphic-detail/2021/03/31/lithium-battery-costs-have-fallen-by-98-in-three-decades,Lithium battery costs have fallen by 98% in three decades,640,408,2,0,1617783902.1576734
https://www.barrons.com/news/ema-official-links-astrazeneca-vaccine-and-thrombosis-01617701713?tesla=y,EMA Official Links AstraZeneca Vaccine and Thrombosis,5,0,2,2,1617783902.1576734
https://every.to/almanack/oatly-the-new-coke-821556,Oatly: The New Coke,51,21,14,0,1617783902.157674
http://crapart.spacebar.org/aad/,Album-a-Day (2001-2008),55,30,21,0,1617783902.1576746
https://github.com/openjdk/amber-docs/blob/master/eg-drafts/reconstruction-records-and-classes.md,Java early stage draft: Functional transformation of immutable objects,21,3,1,2,1617783902.1576746
https://lareviewofbooks.org/article/all-over-the-shop-a-conversation-with-geoff-dyer/,All over the Shop: A Conversation with Geoff Dyer,15,1,22,0,1617783902.157675
https://www.railfreight.com/beltandroad/2020/01/30/four-ways-to-speed-up-trains-on-the-new-silk-road/,Four ways to speed up trains on the New Silk Road (2020),61,83,22,0,1617783902.1576753
https://aws.amazon.com/blogs/publicsector/announcing-aws-space-accelerator-startups/,AWS Space Accelerator,4,0,11,0,1617783902.1576755
https://nerdralph.blogspot.com/2021/04/honey-i-shrunk-arduino-core.html,"Honey, I shrunk the Arduino core",15,2,23,3,1617783902.1576755
https://practicaltypography.com/,Butterick’s Practical Typography 2º Edition,173,49,1,1,1617783902.157676
https://www.webosose.org/blog/2021/04/02/webos-ose-2-10-0-release/,WebOS OSE 2.10,143,74,1,2,1617783902.1576765
https://jychp.medium.com/how-to-bypass-cloudflare-bot-protection-1f2c6c0c36fb,How to bypass Cloudflare bot protection,384,121,2,3,1617783902.1576767
https://www.businessinsider.com/robinhood-retail-brokers-still-quietly-screwing-over-users-2021-4,Robinhood and other 'low cost' brokers still quietly screwing over their users,19,4,10,0,1617783902.1576772
https://www.indiehackers.com/post/you-shouldnt-use-your-office-laptop-for-side-projects-631fec547f,You shouldn't use your office laptop for side-projects,11,1,8,0,1617783902.1576774
https://www.teslaoracle.com/2021/04/05/tesla-hacker-cracks-what-the-model-3-y-cabin-camera-can-see-video-clips/,Tesla hacker unveils what the Model 3/Y cabin camera can see,41,4,17,1,1617783902.1576777
https://pubs.rsc.org/en/content/articlelanding/2020/ee/d0ee02585b#!divAbstract,A CO2 capture solvent with exceptionally low total costs of capture,252,261,2,2,1617783902.157678
https://algorithmica.org/en/eytzinger,Eytzinger Binary Search,27,3,1,3,1617783902.157678
https://www.theguardian.com/news/2021/apr/06/letting-go-my-battle-to-help-my-parents-die-a-good-death,Letting go: my battle to help my parents die a good death,6,2,4,0,1617783902.1576812
https://www.readthegeneralist.com/briefing/red-bull,The Mythology of Red Bull,51,65,19,0,1617783902.1576817
https://www.bbc.com/news/technology-56583428,Uber ordered to pay $1.1M to blind woman refused rides,266,475,20,0,1617783902.1576817
https://www.paulosyibelo.com/2021/04/this-man-thought-opening-txt-file-is.html,Man who thought opening a TXT file is fine thought wrong,982,302,3,2,1617783902.157682
https://electrek.co/2021/04/05/tesla-toxic-superfans-giving-community-a-bad-name-stories-go-mainstream/,Tesla’s toxic superfans are giving community a bad name as stories go mainstream,14,10,8,1,1617783902.1576824
https://finance.yahoo.com/news/credit-suisse-starts-unloading-stocks-221247520.html,Credit Suisse unloads another $2.3B of Stocks Tied to Archegos,19,2,10,0,1617783902.157683
https://writings.stephenwolfram.com/2021/03/a-little-closer-to-finding-what-became-of-moses-schonfinkel-inventor-of-combinators/,"Closer to finding what became of Moses Schönfinkel, inventor of combinators",101,8,1,1,1617783902.157683
http://scripting.com/2021/04/04/174604.html?title=theLostAppsOfThe80s,The Lost Apps of the 80s,144,110,1,2,1617783902.1576831
https://dorinlazar.ro/2021-02-programming-is-hard/,Programming is hard,50,20,27,1,1617783902.1576834
https://ipython.readthedocs.io/en/stable/interactive/shell.html,IPython as a System Shell,23,7,1,3,1617783902.1576836
http://www.theniceplace.net,Show HN: Social media where you get paid for being helpful,12,3,15,0,1617783902.1576838
https://www.zdnet.com/article/this-old-programming-language-is-suddenly-getting-more-popular-again/,Fortran is getting more popular,14,11,47,2,1617783902.1576843
https://www.bleepingcomputer.com/news/microsoft/new-microsoft-edge-grew-1-300-percent-this-year-overtaking-firefox/,"New Microsoft Edge grew 1,300% this year, overtaking Firefox ",10,1,13,0,1617783902.1576846
https://twitter.com/wbond/status/1379430132138541056,Sublime Text 4 – Build 4000 has native Apple Silicon Support,8,1,44,2,1617783902.1576848
https://www.youtube.com/watch?v=JC82Il2cjqA&vl=en,You Can Learn Anything,5,0,1,0,1617783902.157685
https://www.washingtonpost.com/business/2021/03/26/wealthy-tax-evasion/,Researchers estimate the richest 1% dodge taxes on over a fifth of their income,42,87,1,0,1617783902.1576853
https://www.reddit.com/r/slatestarcodex/comments/ml00ac/how_much_are_games_like_factorio_and_eve_online/,Do Games Like Factorio or Eve Online Sap the Intellectual Potential of Humanity?,33,57,1,2,1617783902.1576855
https://github.com/jhspetersson/fselect,Fselect: Find files with SQL-like queries,4,0,1,2,1617783902.1576858
https://buildthestage.com/the-daily-standup-is-a-waste-of-time/,The Daily Standup Is a Waste of Time,5,2,5,0,1617783902.157686
https://serokell.io/blog/parser-combinators-in-elixir,Parser Combinators in Elixir,5,0,42,2,1617783902.1576862
https://www.ryanmercer.com/ryansthoughts/2021/4/6/some-of-the-reasons-i-hope-work-from-home-continues-and-i-never-have-to-return-to-an-office,Please don't make me go back: some reasons I hope to never return to the office,14,0,12,0,1617783902.157687
https://fs.blog/2021/04/deliberate-practice-guide/,The Deliberate Practice Guide: How to Be the Best,6,0,20,0,1617783902.1576872
https://hitchdev.com/strictyaml/why/implicit-typing-removed/,The Norway Problem,650,325,3,2,1617783902.1576877
https://www.princexml.com/,Prince – Convert HTML to PDF with CSS,9,0,23,1,1617783902.157688
https://github.com/jina-ai/examples/tree/master/audio-search,Build Audio Search with Vggish,30,7,1,2,1617783902.157688
https://www.nordtheme.com/,Nord Theme,59,8,1,0,1617783902.1576884
https://noahpinion.substack.com/p/against-hickelism,Against Hickelism,181,100,1,0,1617783902.1576886
https://www.backblaze.com/b2/hard-drive-test-data.html,Backblaze Hard Drive Stats,179,105,1,2,1617783902.1576889
https://www.economist.com/finance-and-economics/2021/03/27/the-economics-of-falling-populations,The Economics of Falling Populations,68,91,1,0,1617783902.157689
https://www.zeit.de/digital/internet/2019-12/tim-o-reilly-discrimination-internet-big-data-english,Tim O'Reilly: The Internet Is Being Scapegoated in a Lot of Ways (2019),89,91,1,0,1617783902.157689
https://acoup.blog/2021/04/02/collections-clothing-how-did-they-make-it-part-iva-dyed-in-the-wool/,"Clothing, How Did They Make It? Part IVa: Dyed in the Wool",171,45,1,2,1617783902.157689
https://lwn.net/SubscriberLink/851531/c9826484f1120b87/,Killing off /dev/kmem in the Linux kernel,7,0,22,2,1617783902.1576896
https://ampie.app/url-context?url=http%3A%2F%2Fpaulgraham.com%2F,Show HN: Ampie finds HN discussions of any URL and good pages on the same domain,34,3,1,1,1617783902.1576898
http://oldblog.antirez.com/post/redis-manifesto.html,The Redis Manifesto (2011),41,0,1,1,1617783902.15769
https://www.timesofisrael.com/for-2-million-years-humans-ate-meat-and-little-else-study/,"For 2M years, humans ate meat and little else: study",91,128,19,0,1617783902.1576903
https://devblogs.microsoft.com/dotnet/announcing-open-source-c-standardization/,Announcing Open Source C# standardization,33,2,18,2,1617783902.1576903
https://rrj.ca/whos-listening/,Who's listening? Growing privacy concerns around transcription services (2020),78,41,1,0,1617783902.1576908
https://di.nmfay.com/exploring-databases-visually,Exploring Databases Visually,142,27,1,2,1617783902.1576912
https://archive.org/details/archiveteam_twitter?tab=about,Archive Team: A Smattering of Tweets,100,112,20,0,1617783902.1576917
https://www.japantimes.co.jp/news/2021/04/02/national/isamu-akasaki-dies/,"Isamu Akasaki, inventor of first efficient blue LED, has died",406,119,3,2,1617783902.1576917
https://acesounderglass.com/2021/04/02/antidepressants-and-medical-uncertainty/,Antidepressants and medical uncertainty,68,63,23,0,1617783902.157692
https://www.laphamsquarterly.org/roundtable/revisiting-dead,Revisiting the Dead,7,0,21,0,1617783902.1576922
https://yihui.org/en/2018/06/cache-invalidation/,On Cache Invalidation: Why Is It Hard? (2018),109,69,1,3,1617783902.157693
https://www.nytimes.com/interactive/2021/04/02/arts/design/shah-jahan-chitarman.html,What a tiny masterpiece reveals about power and beauty,119,52,1,0,1617783902.157693
https://github.com/artagnon/clayoven,Show HN: Clayoven – beautiful website generator aimed at math-heavy sites,114,26,2,2,1617783902.1576931
https://dmitryelj.medium.com/windows-95-how-does-it-look-today-feda837922d9,Windows 95 – How Does It Look Today?,446,512,3,2,1617783902.1576934
https://techcommunity.microsoft.com/t5/windows-blog-archive/running-windows-with-no-services/ba-p/723386,"Running Windows with No Services (2005, updated in 2009)",24,3,17,2,1617783902.1576936
https://postgis.net/,PostGIS – Spatial and Geographic Objects for PostgreSQL,249,86,1,2,1617783902.157694
https://github.com/liuliu/dflat,Dflat: SQLite FlatBuffers,123,17,2,2,1617783902.157694
https://www.scientificamerican.com/article/when-did-life-first-emerge-in-the-universe/,When Did Life First Emerge in the Universe?,120,84,1,2,1617783902.1576946
https://mosaicscience.com/story/staying-awake-surprisingly-effective-way-treat-depression/,Staying awake to treat depression (2018),233,117,2,0,1617783902.1576948
https://misinfounderload.substack.com/p/tales-from-prediction-markets,Tales from Prediction Markets,223,56,2,0,1617783902.157695
https://tosche.net/blog/ink-traps-and-pals,Ink Traps and Pals,84,9,1,2,1617783902.1576953
https://overlayfactsheet.com/,Overlay Fact Sheet,22,6,1,0,1617783902.1576955
https://www.businessinsider.com/mark-zuckerberg-phone-number-facebook-leak-data-reports-2021-4,Mark Zuckerberg's phone number appeared among the leaked data of Facebook users,481,223,2,0,1617783902.1576958
https://www.theatlantic.com/culture/archive/2021/04/why-hemingways-prose-still-hits-so-hard/618444/,‘Eliminate Every Superfluous Word’,70,57,2,0,1617783902.157696
https://www.brown.edu/news/2021-03-31/braingate-wireless,Human use of high-bandwidth wireless brain-computer interface,280,209,2,2,1617783902.1576962
http://bloouikit.com/,Bloo Lo-Fi Wireframe Kit,61,11,1,0,1617783902.1576965
https://www.theguardian.com/us-news/2021/mar/31/americas-tap-water-samples-forever-chemicals,"We sampled tap water across the US – and found arsenic, lead and toxic chemicals",166,112,1,0,1617783902.1576967
https://kn100.me/terramaster-nas-exposing-itself-over-upnp/,My NAS exposes itself over the internet without permission,388,294,2,2,1617783902.157697
https://www.trtworld.com/business/egypt-demands-over-1b-in-damages-after-suez-canal-blockage-45537,Egypt demands over $1B in damages after Suez Canal blockage,121,110,2,0,1617783902.1576972
https://www.newsclick.in/2I-borisov-first-interstellar-comet-visited-solar-system,"2I/Borisov, the First Interstellar Comet to Have Visited Our Solar System",81,45,2,2,1617783902.1576974
https://mmartinfahy.medium.com/my-experience-releasing-3-failed-saas-products-44e61cbde424,My experience releasing failed SaaS products,221,96,2,0,1617783902.1576977
https://www.theatlantic.com/ideas/archive/2021/04/the-autopilot-economy/618497/,Index Funds May Harm the Economy,11,1,12,0,1617783902.1576982
https://www.gaia-gis.it/fossil/libspatialite/index,SpatiaLite: A Spatial Extension to SQLite,190,21,2,2,1617783902.1576984
https://www.nytimes.com/2021/04/05/business/yellen-global-minimum-corporate-tax-rate.html,Yellen calls for a global minimum corporate tax rate,139,169,21,0,1617783902.1576986
https://culture.pl/en/article/how-much-polish-is-there-in-yiddish-and-how-much-yiddish-is-there-in-polish,How much Polish is there in Yiddish and how much Yiddish is there in Polish?,158,72,2,0,1617783902.1576986
https://ourworldindata.org/extreme-history-methods,How do we know the history of extreme poverty? (2019),81,61,1,0,1617783902.157699
https://www.businessinsider.com/stolen-data-of-533-million-facebook-users-leaked-online-2021-4,533M Facebook users' phone numbers and personal data have been leaked online,1289,489,2,0,1617783902.157699
https://www.youtube.com/watch?v=d_h38X4_eQQ,Show HN: ESP32 Walkie-Talkie Using UDP Broadcast and ESP-Now,31,7,19,3,1617783902.1576996
https://cfenollosa.com/blog/fed-up-with-the-mac-i-spent-six-months-with-a-linux-laptop-the-grass-is-not-greener-on-the-other-side.html,"Fed up with the Mac, I spent six months with a Linux laptop",467,807,3,0,1617783902.1576998
https://www.nrc.nl/nieuws/2021/04/02/the-cesspool-of-the-internet-is-to-be-found-in-a-village-in-north-holland-a4038369,The cesspool of the internet is to be found in a village in North Holland,245,204,2,0,1617783902.1577
https://github.com/cledant/scop_vulkan,Scop – a 3D model viewer written in C++20 and Vulkan,71,16,1,3,1617783902.1577003
https://josemdev.com/creating-a-side-project-when-you-dont-need-the-money/,Creating a side project when you don't need the money,40,9,1,0,1617783902.1577003
https://twitter.com/revision_party/status/1378427185518764034,Revision demoparty banned on Twitch mid-stream,206,93,2,0,1617783902.1577008
https://www.bloomberg.com/news/articles/2021-04-05/why-shortages-of-a-1-chip-sparked-crisis-in-the-global-economy,Why Shortages of a $1 Chip Sparked Crisis in the Global Economy,18,8,15,0,1617783902.157701
http://math.mit.edu/~gs/everyone/,Linear Algebra for Everyone,35,7,12,3,1617783902.1577015
https://www.wired.com/story/uk-trying-to-stop-facebook-end-to-end-encryption/,The UK Is Trying to Stop Facebook's End-to-End Encryption,135,57,2,0,1617783902.1577015
https://www.shipmap.org/,ShipMap,296,73,3,3,1617783902.157702
https://bilbof.com/blogosphere,Show HN: Blogosphere – Discover independent technical blogs,198,47,2,2,1617783902.1577022
https://www.forbes.com/sites/michaeldelcastillo/2021/04/05/revenge-of-the-winklevii-facebook-winklevoss-bitcoin-nft-billionaire-revenge/,Revenge of the Winklevii,14,1,21,0,1617783902.1577027
https://www.bbc.co.uk/news/technology-56614281,Loot boxes linked to problem gambling in new research,158,116,3,0,1617783902.157703
https://www.forbes.com/sites/johnkoetsier/2021/04/01/apple-rejecting-apps-with-fingerprinting-enabled-as-ios-14-privacy-enforcement-starts/,Apple Rejecting Apps with Fingerprinting Enabled as iOS14 Privacy Enforcement,9,0,14,0,1617783902.1577032
https://www.axios.com/egypt-ancient-mummies-parade-cairo-photos-88c44bf7-becb-410c-9e7e-3ed09fdcbdaf.html,Egypt holds grand procession of ancient mummies in Cairo,94,75,2,2,1617783902.1577034
https://github.com/securitybunker/databunker,"Show HN: Databunker – a GDPR compliant, secure storage for personal data (PII)",103,33,1,0,1617783902.1577036
https://www.technologyreview.com/2021/04/01/1021619/ai-data-errors-warp-machine-learning-progress,Error-riddled data sets are warping our sense of how good AI is,119,37,2,0,1617783902.157704
https://github.com/MGreim/ultiboberon,Ultiboberon – Oberon on bare metal Raspberry Pi,101,16,2,3,1617783902.157704
https://www.theverge.com/2021/4/5/22368476/kansas-man-tamper-water-supply-remote-ellsworth-wyatt-travnichek,Someone tampered with an entire drinking water supply via the internet,7,0,15,0,1617783902.1577044
https://www.washingtonpost.com/weather/2021/04/05/atmospheric-co2-concentration-record/,"CO2 spikes to critical new record, halfway to doubling pre-industrial levels",5,3,11,0,1617783902.1577046
http://terathon.com/blog/a-mathematical-keyboard-layout/,A Mathematical Keyboard Layout (2018),75,49,2,2,1617783902.157705
https://www.microsoftcoffee.org/,Microsoft Coffee,1555,368,4,2,1617783902.1577053
https://www.listennotes.com/rss-viewer/,Show HN: View RSS source code on mobile devices,3,0,23,2,1617783902.1577055
https://macrolab.substack.com/p/no-bank-account-no-problem-the-100b,No Bank Account No Problem: The $100B+ Unbanked Market,42,3,2,0,1617783902.1577058
https://www.theguardian.com/us-news/2019/mar/25/california-water-drought-scarce-saudi-arabia,Who keeps buying California's scarce water?,56,20,1,0,1617783902.157706
https://www.space.com/mars-helicopter-ingenuity-touches-down-martian-surface,NASA's Mars helicopter Ingenuity touches down on the Red Planet,75,12,1,2,1617783902.1577065
https://www.bbc.com/worklife/article/20180612-the-reasons-why-womens-voices-are-deeper-today,Women voice has dropped by 23 Hz over five decades,4,0,23,0,1617783902.1577067
https://twitter.com/antirez/status/1378272801522597888,I can only think that modern front end development has failed,539,498,2,0,1617783902.157707
https://arxiv.org/abs/2103.15793,Laser: Learning a Latent Action Space for Efficient Reinforcement Learning,65,9,2,2,1617783902.1577072
https://hechingerreport.org/where-have-all-the-kindergartners-gone/,Where have all the kindergartners gone?,67,215,1,0,1617783902.1577077
https://asia.nikkei.com/Business/Technology/LG-Electronics-to-end-loss-making-smartphone-business,LG to end loss-making smartphone business,7,0,1,0,1617783902.1577077
https://cliffmass.blogspot.com/2021/04/is-outside-air-covid-safe-are-masks.html,Is Outside Air Covid Safe? Are Masks Needed Outdoors?,13,3,12,1,1617783902.157708
https://github.com/orpatashnik/StyleCLIP,StyleCLIP: Text-Driven Manipulation of StyleGAN Imagery,80,13,2,2,1617783902.1577084
https://github.com/anordal/shellharden/blob/master/how_to_do_things_safely_in_bash.md,How to do things safely in Bash (2018),173,93,3,3,1617783902.1577086
https://arstechnica.com/gaming/2021/04/roman-kroitor-changed-film-and-unknowingly-inspired-2001-and-the-force/,"Roman Kroitor, who gave us The Force, inspired 2001, and changed film",64,10,1,0,1617783902.157709
https://goteleport.com/blog/securing-postgres-postgresql/,Securing a Postgres Database,309,93,3,2,1617783902.1577091
https://www.theverge.com/2019/5/23/18637071/rare-earth-china-production-america-demand-trade-war-tariffs,Rare earth elements aren’t the secret weapon China thinks they are (2019),3,0,3,0,1617783902.1577094
http://www.cse.msu.edu/~cse870/Input/SS2002/MiniProject/Sources/r2057.pdf,Why Software Jewels Are Rare (1996) [pdf],92,72,2,2,1617783902.1577096
https://wayland.app/protocols/,Show HN: Wayland Explorer – Easily read Wayland protocol documentation online,44,6,1,3,1617783902.1577098
https://corecursive.com/063-apple-2001/,Apple 2001,128,46,2,1,1617783902.15771
https://vpncloud.ddswd.de/,VPNCloud: Open-source peer-to-peer VPN written in rust,190,72,3,2,1617783902.1577103
https://github.com/dougbinks/enkiTS,enkiTS: A C and C++ Task Scheduler for creating parallel programs,85,16,2,3,1617783902.1577106
https://pakstech.com/blog/python-switch-case/,What Is the Switch-Case Equivalent in Python?,87,114,2,2,1617783902.1577108
https://briancallahan.net/blog/20210403.html,I got the GNU Modula-2 compiler working on OpenBSD,110,26,2,2,1617783902.157711
https://www.cell.com/current-biology/fulltext/S0960-9822(21)00047-6,Extreme autotomy and whole-body regeneration in photosynthetic sea slugs,57,7,1,2,1617783902.1577113
https://twitter.com/NASAJPL/status/1378513754241961985,Mars helicopter “Ingenuity” has been dropped to the surface,107,14,2,0,1617783902.157712
https://www.theringer.com/2020/7/30/21347842/mars-2020-rover-launch-contamination-covid,How NASA Keeps Earth's Germs from Reaching Mars (2020),4,0,11,1,1617783902.157712
https://www.devever.net/~hl/hntop,Show HN: Live Feed of the HN Top 30 as an IRC Channel,45,3,2,1,1617783902.1577122
https://unix4lyfe.org/darkhttpd/,An HTTP server in a single .c file,282,98,4,2,1617783902.1577125
https://www.zdnet.com/article/sco-linux-fud-returns-from-the-dead/,SCO Linux FUD returns from the dead,92,65,1,0,1617783902.1577127
https://jalopnik.com/tesla-owners-take-to-reddit-asking-what-happens-if-full-1846553907,Tesla owners asking what happens if 'full self driving' isn't real,215,348,1,0,1617783902.157713
https://www.cjr.org/business_of_news/an-insider-trading-indictment-shows-ties-to-bloomberg-news-scoops.php,An insider-trading indictment shows ties to Bloomberg News scoops,201,101,3,0,1617783902.1577132
https://www.historytoday.com/archive/history-matters/life-after-death-ancient-egypt,Life After Death in Ancient Egypt,26,4,2,2,1617783902.1577134
https://www.sfchronicle.com/business/article/Uber-may-stop-letting-drivers-see-destinations-16078491.php,Uber may stop letting drivers see destinations and name prices,11,11,18,0,1617783902.1577137
https://www.schneier.com/blog/archives/2021/04/wi-fi-devices-as-physical-object-sensors.html,Wi-Fi Devices as Physical Object Sensors,28,4,1,2,1617783902.157714
https://news.microsoft.com/apac/features/hololens-and-house-calls-telehealth-technology-delivers-virtual-consultations/,HoloLens and house calls: Telehealth technology delivers virtual consultations,3,0,11,0,1617783902.157714
https://en.wikipedia.org/wiki/National_Debt_Clock,Debt Clock,13,3,20,0,1617783902.1577144
https://avoidboringpeople.substack.com/p/ergodicity-whats-it-mean,"Ergodicity, What's It Mean",123,99,2,1,1617783902.1577146
https://www.fooledbyrandomness.com/significance.pdf,What are the chances of a third world war? [pdf],52,72,18,0,1617783902.1577165
https://sunilc.medium.com/kick-start-your-freelancing-career-with-these-tips-747cc27a150f,Get Started With Freelancing: A Beginners Guide for Software Developers,24,4,2,1,1617783902.1577165
https://www.europeanpharmaceuticalreview.com/news/141892/novel-hiv-vaccine-approach-shows-promise-in-landmark-first-in-human-trial/,New HIV vaccine with a 97% antibody response rate in phase I human trials,647,252,1,2,1617783902.1577168
https://interestingengineering.com/sunlight-neutralizes-sars-cov-2-8-times-faster-than-assumed,Sunlight Neutralizes SARS-CoV-2 8x Faster Than Initially Assumed,51,7,1,1,1617783902.1577168
http://dtrace.org/blogs/bmc/2021/03/04/compensation-as-a-reflection-of-values/,Compensation as a Reflection of Values,106,74,2,0,1617783902.157717
https://www.theguardian.com/lifeandstyle/2021/feb/27/joyless-trudge-no-thanks-why-sick-of-going-for-a-walk,"A joyless trudge? No, thanks",72,94,3,0,1617783902.1577172
https://securingsam.com/new-vulnerabilities-allow-complete-takeover/,QNAP NAS critical bugs disclosure delay expires,20,1,1,2,1617783902.1577177
https://github.com/climech/grit,Show HN: Grit – a multitree-based personal task manager,253,44,3,2,1617783902.1577177
https://www.wsj.com/articles/if-you-sell-a-house-these-days-the-buyer-might-be-a-pension-fund-11617544801,"Yield-chasing investors are snapping up single-family homes, driving up prices",41,16,1,0,1617783902.157718
https://sfbayview.com/2021/03/i-thought-i-was-dying-my-apartment-was-built-on-toxic-waste/,My apartment was built on toxic waste,463,233,2,0,1617783902.1577182
https://www.saturdayeveningpost.com/2013/03/how-doctors-die/,How Doctors Die (2013),579,309,2,0,1617783902.1577184
https://www.philipzucker.com/a-simplified-egraph/,A Simplified E-graph Implementation,31,7,2,2,1617783902.157719
https://www.publicbooks.org/the-spy-who-came-in-from-the-carrel/,The Spy Who Came in from the Carrel,25,2,3,1,1617783902.1577191
https://www.theguardian.com/science/2021/mar/25/welsh-rabbits-serve-up-prehistoric-finds-on-tiny-skokholm-island,Welsh rabbits serve up prehistoric finds on tiny Skokholm Island,12,0,1,2,1617783902.1577194
https://fedoramagazine.org/fedora-council-statement-on-richard-stallman-rejoining-fsf-board/,Fedora Council Statement on Richard Stallman Rejoining FSF Board,6,5,16,0,1617783902.1577196
https://www.reddit.com/r/ISO8601/comments/mikuj1/i_bought_iso_860112019_and_860122019_ask_me/,I bought ISO 8601-1:2019 and 8601-2:2019,198,157,3,2,1617783902.15772
https://blog.marcocantu.com/blog/2021-march-50years-pascal.html,50 Years of Pascal and Delphi Is in Power,130,120,3,2,1617783902.15772
https://thehill.com/opinion/energy-environment/546421-the-collapse-of-big-steel-should-be-a-warning-for-climate-skeptics,The collapse of 'big steel' should be a warning for climate skeptics,13,0,1,0,1617783902.1577203
https://nautil.us/issue/98/mind/picassos-got-nothing-on-ai-artists-rp,Debating the impact of machine-created art,11,10,1,0,1617783902.1577203
https://www.bbc.co.uk/news/technology-56583428,Uber ordered to pay $1.1m to blind woman refused rides,46,34,1,0,1617783902.1577206
https://sleekui.com/,I made a site to explore the best UI/UX design tools out there,50,81,2,2,1617783902.1577208
https://www.bbc.com/news/health-56180921,Vitamin D: The truth about an alleged Covid ‘cover-up’,38,54,18,0,1617783902.157721
http://www.stuartcheshire.org/papers/COBSforToN.pdf,Consistent Overhead Byte Stuffing (1999) [pdf],38,11,1,3,1617783902.1577213
https://www.newyorker.com/magazine/2021/04/05/why-animals-dont-get-lost,Learning about the navigational feats of animals,100,90,3,2,1617783902.1577215
http://www.ghitara.com/,"Online Guitar Tabs Player (Guitar Pro, MIDI, MXML and ASCII)",14,0,2,2,1617783902.1577225
https://www.mdpi.com/2218-1997/6/8/109,A Bayesian Approach to the Simulation Argument,58,64,2,3,1617783902.1577227
https://necsi.edu/complexity-rising-from-human-beings-to-human-civilization-a-complexity-profile,"From Human Beings to Human Civilization, a Complexity Profile",78,5,2,2,1617783902.157723
https://www.aan.com/PressRoom/Home/PressRelease/4877,Exercise may help slow cognitive decline in some people with Parkinson’s disease,80,29,3,2,1617783902.1577232
https://www.economist.com/open-future/2018/12/06/the-antidote-to-civilisational-collapse,The antidote to civilisational collapse – An interview with Adam Curtis (2018),25,0,56,0,1617783902.1577234
https://www.cantorsparadise.com/the-unparalleled-genius-of-john-von-neumann-791bb9f42a2d,The Unparalleled Genius of John von Neumann (2019),288,142,7,2,1617783902.157724
https://www.pewresearch.org/fact-tank/2021/04/02/7-of-americans-dont-use-the-internet-who-are-they/,7% of Americans don’t use the internet. Who are they?,145,131,5,0,1617783902.157724
https://github.com/vegesm/first-cc-gcc,First C compiler ported to GCC,16,8,1,3,1617783902.1577244
https://norvig.com/java-lisp.html,Lisp as an alternative to Java (2000),45,14,3,2,1617783902.1577246
http://people.ece.umn.edu/users/riaz/animations/listanimations.html,Animation of Electric Machines,38,2,3,2,1617783902.1577249
https://nigeltao.github.io/blog/2021/fastest-safest-png-decoder.html,Wuffs’ PNG image decoder,392,108,13,2,1617783902.157725
https://bitbucket.org/BjornErlingFloetten/agobrowse,Show HN: AgoBrowse: Picture books for kids without distractions,20,9,2,1,1617783902.157725
http://dragonruby.org/toolkit/game,Show HN: DragonRuby Game Toolkit,118,76,6,2,1617783902.1577277
https://www.wired.com/story/signal-mobilecoin-payments-messaging-cryptocurrency/,Signal adds a payments feature with a privacy-focused cryptocurrency,403,485,14,0,1617783902.1577277
https://externals.io/message/113981,Update on Git.php.net Incident,47,16,3,2,1617783902.157728
https://www.anandtech.com/show/16594/intel-3rd-gen-xeon-scalable-review,"Intel 3rd gen Xeon Scalable (Ice Lake): generationally big, competitively small",118,208,11,3,1617783902.1577282
https://www.bbc.com/news/world-europe-56648055,Bronze Age slab found in France is oldest 3D map in Europe,87,19,9,2,1617783902.1577284
https://betterprogramming.pub/how-going-back-to-coding-after-10-years-almost-crushed-me-88c85ceb5376,How Going Back to Coding After 10 Years Almost Crushed Me,85,53,8,0,1617783902.157729
https://news.cornell.edu/stories/2021/04/soil-bacteria-could-improve-crop-yields-fungi,"Soil bacteria could improve crop yields, via fungi",127,40,10,2,1617783902.1577296
https://onesignal.com/careers/cb3e1383-d52c-43e8-8e7b-b49cbadafc85,OneSignal (Messaging and Push Notification APIs) is hiring a full-stack engineer,0,0,4,0,1617783902.15773
https://www.govtech.com/opinion/An-Apology-to-COBOL-Maybe-Old-Technology-Isnt-the-Real-Problem.html,An Apology to COBOL: Maybe Old Technology Isn’t the Real Problem,103,82,10,2,1617783902.15773
https://martinanderson.substack.com/p/relighting-and-color-grading-with,Relighting and Color Grading with Machine Learning,24,1,4,2,1617783902.1577306
https://github.com/wix/exodus,Exodus: Easily migrate your JVM code from Maven to Bazel,43,33,7,2,1617783902.1577308
https://hackaday.com/2021/04/02/adjustable-low-impact-keeb-is-about-as-comfortable-as-it-gets/,"Adjustable, low-impact keeb",77,57,8,0,1617783902.157731
https://missiveapp.com/blog/how-we-built-1m-arr-email-client,How we bootstrapped a $1M ARR email client,246,114,14,0,1617783902.1577315
https://hacks.mozilla.org/2021/04/eliminating-data-races-in-firefox-a-technical-report/,Eliminating Data Races in Firefox,414,102,15,2,1617783902.1577318
https://github.com/microsoft/playwright-test,Playwright-test – cross-browser end-to-end test suite with Playwright,86,23,12,2,1617783902.157732
https://lwn.net/SubscriberLink/800946/a9ad9aba46f14e78/,"Why printk() is so complicated, and how to fix it (2019)",55,10,11,3,1617783902.1577322
https://opensource.googleblog.com/2021/04/lyra-enabling-voice-calls-for-next-billion-users.html,Google open-sources the Lyra audio codec,218,125,14,2,1617783902.1577327
https://www.amusingplanet.com/2020/02/anatoli-bugorski-man-who-stuck-his-head.html,Anatoli Bugorski: The Man Who Stuck His Head Inside a Particle Accelerator,12,0,7,2,1617783902.1577332
https://en.wikipedia.org/wiki/Ludus_latrunculorum,Ludus Latrunculorum,57,8,13,1,1617783902.1577334
https://aspsecuritykit.net/?src=hnzt,Rapidly Build SaaS apps on ASP.NET/ServiceStack based on zero-trust security,38,23,13,1,1617783902.1577337
https://www.cnn.com/2021/04/06/economy/amazon-jeff-bezos-corporate-tax-increase/index.html,Jeff Bezos comes out in support of increased corporate taxes,54,67,3,0,1617783902.1577342
https://pkolaczk.github.io/disk-access-ordering/,Ordering Requests to Accelerate Disk I/O,38,16,10,3,1617783902.1577344
https://lists.apache.org/thread.html/rab2a820507f7c846e54a847398ab20f47698ec5bce0c8e182bfe51ba%40%3Cdev.mesos.apache.org%3E,Apache Mesos to be moved to Attic,233,122,15,2,1617783902.1577346
https://clojurescript.org/news/2021-04-06-release,ClojureScript 1.10.844,168,66,15,1,1617783902.1577349
https://security.googleblog.com/2021/04/rust-in-android-platform.html,Rust in the Android Platform,237,54,13,2,1617783902.157735
https://nyxt.atlas.engineer/article/sharing-files.org,Superuser Batch Downloading,10,1,6,1,1617783902.1577356
https://linuxreviews.org/Signal_Just_Made_One_Years_Worth_Of_Server-Side_Source_Code_Available_In_One_Huge_Dump,Signal Just Made One Years Worth of Server Source Code Available in One Dump,25,4,4,2,1617783902.1577358
https://old.reddit.com/r/DataHoarder/comments/mlc9gv/updated_ive_saved_all_of_wikipedia_into_a_sqlite/,All Wikipedia in SQLLite Database,4,0,1,2,1617783902.1577363
https://blogs.microsoft.com/blog/2021/03/31/army-moves-microsoft-hololens-based-headset-from-prototyping-to-production-phase/,Army has Microsoft move to HoloLens production phase,14,0,4,0,1617783902.1577368
https://www.accountingweb.co.uk/business/financial-reporting/2p-and-ps2-coin-production-suspended-for-ten-years,2p and £2 coin production suspended for ten years (2020),9,4,8,2,1617783902.157737
https://www.scottaaronson.com/blog/?p=5402,The Computational Expressiveness of a Model Train Set: A Paperlet,28,9,14,3,1617783902.1577375
https://distill.pub/2020/circuits/branch-specialization/,Branch Specialization,34,5,14,3,1617783902.1577375
https://www.aclu.org/news/national-security/i-refused-to-become-an-fbi-informant-and-the-government-put-me-on-the-no-fly-list/,"I refused to become an FBI informant, the government put me on the no fly list",1072,451,12,0,1617783902.157738
https://www.bloomberg.com/news/articles/2021-04-06/google-ai-research-manager-samy-bengio-resigns-in-email-to-staff,Google AI Research Manager Quits After Two Ousted from Group,11,3,3,0,1617783902.1577382
https://yro.slashdot.org/story/21/04/05/2044248/lexisnexis-to-provide-giant-database-of-personal-information-to-ice,LexisNexis to Provide Giant Database of Personal Information to ICE,22,3,5,0,1617783902.1577384
https://www.paulox.net/2021/04/06/django-32-news-on-compressed-fixtures-and-fixtures-compression/,Django 3.2 – News on compressed fixtures and fixtures compression,84,39,14,2,1617783902.1577387
https://github.com/ADD-SP/ngx_waf,"Show HN: Ngx_waf – Open source, Handy, High performance Nginx firewall module",17,0,13,2,1617783902.1577392
https://tonsky.me/blog/sublime-writer/,Sublime Writer,45,3,17,0,1617783902.1577394
http://www.dein.fr/2015-02-18-maslows-pyramid-of-code-review.html,Maslow's Pyramid of Code Review (2015),120,69,17,0,1617783902.15774
https://www.theregister.com/2021/04/06/sap_patch_attacks/,SAP: It takes exploit devs 72 hours to turn our security patches into a weapon,13,4,5,2,1617783902.1577404
https://www.migops.com/blog/2021/02/15/role-of-foreign-data-wrappers-in-migrations-to-postgresql,Migration to PostgreSQL databases can also be done using FDW,18,7,12,2,1617783902.157741
https://about.fb.com/news/2021/04/facts-on-news-reports-about-facebook-data/,The Facts on News Reports About Facebook Data,55,49,4,0,1617783902.1577413
https://noat.cards/blog/noatcards_2,Show HN: Noat.Cards I make a Quizlet/Anki alternative,20,7,14,0,1617783902.1577418
https://devblogs.microsoft.com/java/announcing-preview-of-microsoft-build-of-openjdk/,Preview of Microsoft Build of OpenJDK,109,44,15,0,1617783902.157742
https://www.wsj.com/articles/facebook-apple-and-niantic-bet-people-are-ready-for-augmented-reality-glasses-11617713387,"Facebook, Apple and Niantic Bet People Are Ready for Augmented-Reality Glasses",16,14,6,0,1617783902.1577425
https://github.com/SuperPaintman/the-evolution-of-a-go-programmer,SuperPaintman/The-Evolution-of-a-Go-Programmer,4,0,7,0,1617783902.1577427
https://www.wired.com/story/facebook-data-leak-500-million-users-phone-numbers/,What Caused Facebook's 500M-User Data Leak?,10,1,5,0,1617783902.1577432
https://notfunatparties.substack.com/p/what-goodreads-could-have-been,What Goodreads could have been,88,32,12,0,1617783902.1577437
https://www.wired.com/story/weddings-social-media-apps-photos-memories-miscarriage-problem/,I Called Off My Wedding. The Internet Will Never Forget,4,1,2,0,1617783902.1577437
https://krebsonsecurity.com/2021/04/are-you-one-of-the-533m-people-who-got-facebooked/,Are You One of the 533M People Who Got Facebooked?,9,1,11,0,1617783902.1577442
https://clojure.org/news/2021/04/06/state-of-clojure-2021,State of Clojure 2021 Results,22,0,15,2,1617783902.1577444
https://stallmansupport.org/#intro,In Support of Richard Stallman,214,85,1,2,1617783902.1577446
https://newatlas.com/space/emdrive-dead-thrust-refuted/,Scientists pinpoint source of “impossible” EmDrive's thrust,32,9,11,2,1617783902.1577451
https://birthday.report,Show HN: Birthday.report – open-source birthday calendar,19,5,13,1,1617783902.1577454
https://insight.jci.org/articles/view/146316,A majority of uninfected adults show pre-existing antibodies against SARS-CoV-2,157,123,15,2,1617783902.1577456
https://www.cloudquery.io/blog/introducing-cloudquery-sdk,CloudQuery SDK: Query Anything with SQL,13,0,14,2,1617783902.1577458
https://www.forbes.com/sites/briandomitrovic/2021/04/04/the-zeus-of-economics-has-died,Economist Bob Mundell has died,25,61,15,0,1617783902.157746
https://phys.org/news/2021-04-great-tits-traditions.html,Great tits change their traditions for the better,16,6,7,2,1617783902.1577468
https://en.wikipedia.org/wiki/K-anonymity,K-Anonymity,29,0,12,2,1617783902.157747
https://bevyengine.org/news/bevy-0-5/,Bevy 0.5: data oriented game engine built in Rust,141,64,11,2,1617783902.1577475
https://www.reuters.com/article/us-alphabet-google-research-bengio/google-ai-scientist-bengio-resigns-after-colleagues-firings-email-idUSKBN2BT2JT,Google AI scientist Bengio resigns after colleagues' firings – email,97,79,9,0,1617783902.1577475
https://www.reddit.com/r/Arqbackup/comments/mlks9j/less_than_a_weeks_notice_before_arq_cloud_is/,Less than a week's notice before Arq Cloud is discontinued?,3,0,4,0,1617783902.157748
https://www.theverge.com/2021/4/6/22369609/microsoft-server-cooling-liquid-immersion-cloud-racks-data-centers,Microsoft is now submerging servers into liquid baths,13,3,9,2,1617783902.1577482
https://norwaytoday.info/everyday/norway-tried-and-failed-to-gift-finland-a-mountain-for-its-100th-birthday/,"Norway tried, and failed, to gift Finland a mountain for its 100th birthday",8,1,7,2,1617783902.1577485
https://www.sciencealert.com/more-than-4-000-blood-tests-suggest-our-bodies-age-in-3-distinct-shifts/,More than 4k blood tests suggest: Our bodies age in three shifts,15,0,6,2,1617783902.1577487
https://www.protocol.com/bulletins/thomas-scotus-twitter-trump-ban,"Justice Thomas argues for making Facebook, Twitter and Google utilities",11,2,7,0,1617783902.157749
https://wild949.iheart.com/content/2021-04-06-officials-say-california-will-completely-reopen-by-june-15th/,Officials Say California Will Completely Reopen June 15th,25,23,10,0,1617783902.1577492
https://marker.medium.com/scott-galloway-this-is-the-best-time-to-start-a-business-2ca386ac73e0,Scott Galloway: This Is the Best Time to Start a Business,7,0,7,0,1617783902.1577494
https://www.buzzfeednews.com/article/carolinehaskins1/nypd-has-misled-public-about-clearview-ai-use,NYPD Has Misled the Public About Its Use of Facial Recognition Tool Clearview AI,38,2,14,0,1617783902.15775
https://twitter.com/github/status/1379527313277267972,GitHub Sponsors: One Time Payments,13,0,10,0,1617783902.1577504
https://devblogs.microsoft.com/typescript/announcing-typescript-4-3-beta/,TypeScript 4.3 Beta,37,4,13,1,1617783902.1577506
https://www.python.org/downloads/release/python-394/,Python 3.9.4,7,0,9,1,1617783902.1577508
https://www.cbc.ca/news/technology/fish-horizontal-gene-transfer-1.5972546,Fish stole an antifreeze gene from another fish and became natural GMOs,5,0,19,2,1617783902.157751
https://www.ft.com/content/0691002c-2200-4583-88c9-9c942d534228,Why ranking employees by performance backfires,29,9,16,0,1617783902.1577516
https://www.quantamagazine.org/icelands-volcanoes-reveal-the-hot-history-of-mars-20210406/,Iceland’s Eruptions Reveal the Hot History of Mars,6,0,14,2,1617783902.1577518
https://datacrayon.com/shop/product/practical-evolutionary-algorithms-book/,Show HN: My self-pub book on Evolutionary Algorithms with Python (inc. sample),8,1,17,2,1617783902.157752
https://www.newyorker.com/culture/culture-desk/the-wework-documentary-explores-a-decade-of-delusion,WeWork documentary explores a decade of delusion,91,137,14,1,1617783902.1577525
https://observer.com/2021/04/nft-crypto-bubble-trading-decline/,Has the NFT Bubble Popped Already? Market Data Suggests New Deals Might Be DOA,4,0,5,0,1617783902.1577528
https://www.theverge.com/tldr/2021/3/29/22356862/mining-bitcoin-game-boy-gpu-shortage-raspberry-pi-pico-mod,Mining Bitcoin on a Game Boy (slowly),14,1,12,2,1617783902.157753
https://freebsdfoundation.org/our-donors/donors/?donationType=individual&donationYear=2021,Apple Donated $100-$249 to FreeBSD in 2021,159,105,11,1,1617783902.1577532
https://www.abc.net.au/news/2021-04-07/vicki-stole-millions-and-put-it-in-st-marys-leagues-club-pokies/100042284,Woman earning $750 a week gambles $3.7M,38,47,9,0,1617783902.1577537
https://www.bloomberg.com/news/articles/2021-04-06/toms-shoes-ends-one-to-one-giving-model-in-turnaround-plan,What Ever Happened to Toms Shoes?,5,0,6,0,1617783902.1577542
https://docs.google.com/spreadsheets/d/1hXPcH3CAzz3gb08Wb9_tROvry99FdVb_dXh3Eps-rLI/edit#gid=262514580,"Show HN: The Biggest RedditList of 18,000 Subreddits",6,0,20,0,1617783902.1577544
https://news.yahoo.com/google-ai-research-manager-resigns-175214736.html,Google AI Research Manager Quits After Two Ousted from Group,12,0,11,0,1617783902.157755
https://www.cnbc.com/2021/04/06/coinbase-reports-estimated-q1-revenue-of-1point8-billion-up-nine-fold.html,Coinbase estimates Q1 revenue jumped nine-fold to about $1.8B,12,1,9,0,1617783902.1577551
https://taibbi.substack.com/p/on-the-miserable-necessity-of-doing,On the Miserable Necessity of Doing Censorship Stories in Pairs,3,0,6,0,1617783902.1577573
https://www.frontiersin.org/articles/10.3389/fpos.2021.648646/full,The U.S. as a Super-Spreader of Covid-19 Misinformation,5,0,13,0,1617783902.1577578
https://www.theguardian.com/commentisfree/2021/apr/05/bill-gates-climate-crisis-farmland,Bill Gates is the biggest private owner of farmland in the United States. Why?,19,19,15,0,1617783902.157758
https://www.bloomberg.com/news/articles/2021-04-06/clubhouse-is-said-to-discuss-funding-at-about-4-billion-value,Clubhouse Discusses Funding at About $4B Value,11,4,11,0,1617783902.1577582
https://www.businessinsider.com/millions-johnson-and-johnson-vaccine-doses-need-contamination-check-nyt-2021-4,62M Johnson & Johnson vaccine doses need to be checked for contamination: NYT,5,1,4,2,1617783902.1577587
https://xkcd.com/radiation/,Radiation Dose Chart,6,1,8,2,1617783902.157759
https://www.buzzfeednews.com/carolinehaskins1/nypd-has-misled-public-about-clearview-ai-use,NYPD Misled the Public About Its Use of Facial Recognition Tool Clearview AI,17,0,11,0,1617783902.1577592
https://prior.allenai.org/projects/gpv,General Purpose Vision,3,1,1,2,1617783902.1577597
https://boingboing.net/2021/04/06/fortran-a-70-year-old-computer-language-lands-back-on-the-top-20-most-popular-list.html,"Fortran, a 70-year-old computer language, lands back on the top 20",8,6,14,2,1617783902.15776
https://medium.com/alvin-ai/the-future-of-data-lineage-beyond-a-diagram-2b7d3fec6037,Data lineage beyond the crazy diagrams,5,0,16,2,1617783902.15776
https://thetravellingcheetah.com/2019/04/07/a-glimpse-into-the-past-the-penguin-oil-industry/,The Penguin Oil Industry,3,0,1,0,1617783902.1577609
https://www.forbes.com/sites/nathanvardi/2021/04/06/hollywood-actor-bilked-200-investors-in-690-million-ponzi-scheme-feds-claim/,Hollywood Actor Bilked 200 Investors in $690M Ponzi Scheme,3,0,2,0,1617783902.157761
https://www.pcgamer.com/big-island-gpu-rival-amd-nvidia/,7nm GPU out of China is said to rival AMD and Nvidia's,3,0,33,2,1617783902.157761
https://github.com/ioquatix/relaxo,Relaxo – A transactional document database built on top of Git,3,0,17,3,1617783902.1577616
https://cyberium.info/?view=market,"Calendar with Workflows and Internal API for Dentists,Teachers,Insurance,Generic",3,0,4,1,1617783902.157762
https://meribold.org/2021/04/07/critique-of-rms-open-letter/,A Critique of the Open Letter Calling for the Removal of RMS,35,3,50,1,1617785716.0
https://www.health.gov.au/initiatives-and-programs/covid-19-vaccines/is-it-true/is-it-true-can-covid-19-vaccines-connect-me-to-the-internet,Is it true? Can Covid-19 vaccines connect me to the internet?,29,17,1,0,1617785720.0
https://tools.ietf.org/html/rfc1,April 7: The Internet's symbolic birth date through RFC 1,5,0,1,2,1617785726.0
https://www.joyceproject.com/pages/aboutproject.htm,Joyce Project,4,1,2,1,1617785730.0
https://oeis.org,The On-Line Encyclopedia of Integer Sequences,4,0,9,3,1617785736.0
https://www.youtube.com/watch?v=mHDCjYg85wM,A simple pitch deck is a successful pitch deck,3,0,1,0,1617786573.0
https://skruv.io/,"Show HN: Skruv – No-dependency, no-build, small JavaScript framework",8,2,51,2,1617788996.0
https://www.celinehh.com/academia-to-startups,From Academia to Startups – Common Founder Foibles,3,0,2,1,1617789005.0
https://www.nbcnews.com/better/health/why-walking-most-underrated-form-exercise-ncna797271,Why walking is the most underrated form of exercise (2018),3,0,2,0,1617789013.0
http://fuckmagento.com/,Fuck Magento,16,8,48,2,1617789166.0
https://cutter.re/cutter-2.0,Cutter 2.0 Release,5,0,4,1,1617790272.0
https://www.theguardian.com/world/2021/apr/07/one-in-three-covid-survivors-diagnosed-with-mental-health-condition,One in three survivors of severe Covid diagnosed with mental health condition,4,2,1,0,1617790957.0
https://news.berkeley.edu/2021/03/30/fda-approves-first-test-of-crispr-to-correct-genetic-defect-causing-sickle-cell-disease/,FDA approves first test of CRISPR for genetic defect causing sickle cell disease,180,55,3,3,1617851437.0
https://antonz.org/python-packaging/,How to make a Python package in 2021,61,14,2,2,1617851444.0
https://isp.netscape.com,Isp.netscape.com,68,30,2,1,1617851452.0
https://www.markozivanovic.com/screw-it-ill-host-it-myself/,"Screw it, I’ll host it myself",749,377,13,1,1617851458.0
https://www.sciencemag.org/news/2021/04/particle-mystery-deepens-physicists-confirm-muon-more-magnetic-predicted,Particle mystery: physicists confirm the muon is more magnetic than predicted,438,246,11,3,1617851479.0
https://www.cis.upenn.edu/~cis511/notes/proofslambda.pdf,"Proofs, Computability, Undecidability, Complexity, and the Lambda Calculus [pdf]",42,4,2,3,1617851524.0
https://google.github.io/security-research/pocs/linux/bleedingtooth/writeup.html,BleedingTooth: Linux Bluetooth Zero-Click Remote Code Execution,242,89,11,3,1617851531.0
https://github.com/Dr-Noob/cpufetch,lscpu + neofetch = cpufetch,30,3,2,2,1617851711.0
https://oleksandrkvl.github.io/2021/04/02/cpp-20-overview.html,All C++20 core language features with examples,420,369,14,3,1617851768.0
https://www.indoordoctor.com/health-hazards-plug-air-fresheners/,The Health Hazards of Plug-In Air Fresheners (2017),48,34,4,0,1617851774.0
https://www.huckmag.com/art-and-culture/the-record-label-bringing-iranian-music-to-the-world/,A record label bringing Iranian music to the world,64,20,5,0,1617851919.0
https://github.com/publicsuffix/list/issues/1245,iOS 14 and Facebook Pixel causing increase in PSL inclusion requests,238,84,11,1,1617852147.0
https://dynamicland.org/,Dynamicland,251,81,12,0,1617852170.0
https://phys.org/news/2021-04-incredible-bacterial-homing-missiles-scientists.html,The bacterial 'homing missiles' that scientists want to harness,12,0,2,1,1617852224.0
https://www-01.ibm.com/common/ssi/ShowDoc.wss?docURL=/common/ssi/rep_ca/9/872/ENUSAP21-0019/index.html&request_locale=en,IBM COBOL for Linux on x86,102,71,4,2,1617852275.0
https://arxiv.org/abs/2104.01191,The Edges of Our Universe,25,0,3,2,1617852468.0
https://pratik.is/writing/essays/media-as-food,Understanding Media Through Food: 8 Metaphors,26,1,4,0,1617852615.0
https://www.bbc.com/news/technology-56659212,A woman who took on Google and won,129,151,4,0,1617852621.0
https://www.workatastartup.com/jobs/43166,Flow Club (YC S21) Is Hiring,0,0,6,0,1617852624.0
https://www.thenophone.com,The NoPhone,197,99,10,2,1617852659.0
https://github.com/afonsonf/tlaplus-graph-explorer,TLA+ Graph Explorer,73,4,8,2,1617852704.0
https://kaboomjs.com/,Show HN: Kaboom.js is a zero-dependency declarative JavaScript game library,152,38,9,2,1617852713.0
https://techcrunch.com/2021/04/06/giving-ev-batteries-a-second-life-for-sustainability-and-profit/,Giving EV batteries a second life for sustainability and profit,46,18,7,1,1617852720.0
https://theconversation.com/cycling-is-ten-times-more-important-than-electric-cars-for-reaching-net-zero-cities-157163,Cycling is more important than electric cars for reaching net-zero cities,377,525,9,1,1617852727.0
https://opensource.cooking,"Opensource.cooking: A simple, bloat-free cooking site",104,123,10,1,1617852734.0
https://www.apple.com/newsroom/2021/04/apples-find-my-network-now-offers-new-third-party-finding-experiences/,Apple’s Find My network now offers new third-party finding experiences,90,40,10,0,1617852766.0
https://www.reuters.com/article/us-twitch-moderation/twitch-will-ban-users-for-severe-misconduct-that-occurs-away-from-its-site-idUSKBN2BU2QJ,Twitch will ban users for 'severe misconduct' that occurs away from its site,320,775,9,0,1617852773.0
https://enkiv2.medium.com/writing-advice-should-stop-targeting-people-who-hate-to-write-6d7d658954d2,Writing advice should stop targeting people who hate to write,66,32,9,0,1617852784.0
https://blog.fuzzbuzz.io/what-is-fuzz-testing,What Is Fuzz Testing?,45,13,5,2,1617852788.0
https://gregoryszorc.com/blog/2021/04/07/modern-ci-is-too-complex-and-misdirected/,Modern CI is too complex and misdirected,179,153,10,1,1617852797.0
http://seefigure1.com/2014/04/15/xenixtime.html,A bit of XENIX history,98,75,11,2,1617852802.0
https://www.exurbe.com/machiavelli-letters/,Teaching Machiavelli through his letters,129,32,14,1,1617852806.0
https://facebookbreach.com,Facebookbreach.com – check if you or your friends' phone numbers are now public,9,7,3,0,1617852811.0
https://uxtools.co/challenges/,UX Challenges based in the real world,93,17,13,1,1617852842.0
https://www.bbc.com/news/technology-56662103,YouTube Kids a “vapid wasteland” say US lawmakers,186,200,8,0,1617852844.0
https://sportsscientists.com/2020/02/running-shoe-tech-the-emperors-clothes-and-the-issues-for-the-integrity-of-running/,Running shoe tech: issues for the integrity of running (2020),43,52,10,2,1617852919.0
https://tailwindcss.com/docs/just-in-time-mode,TailwindCSS JIT with arbitrary values,121,77,9,2,1617852939.0
https://ma.tt/2021/04/wix-dirty-tricks/,Wix and Their Dirty Tricks,205,68,9,2,1617852964.0
https://www.nybooks.com/articles/2021/04/08/weaponizing-the-web/,Weaponizing the Web,18,4,4,0,1617852974.0
https://www.nature.com/articles/d41586-021-00592-0,Adding is favoured over subtracting in problem solving,54,30,10,2,1617852985.0
https://www.apollographql.com/blog/demystifying-cache-normalization/,Apollo Client – Demystifying Cache Normalization,28,4,9,2,1617853234.0
https://www.reuters.com/article/us-facebook-data-leak/facebook-does-not-plan-to-notify-half-billion-users-affected-by-data-leak-idUSKBN2BU2ZY,Facebook does not plan to notify half-billion users affected by data leak,312,84,7,0,1617853240.0
https://blog.streamlit.io/our-35-million-series-b/,Streamlit's $35M Series B,59,39,11,0,1617853246.0
https://www.coindesk.com/bloomberg-bitcoin-400k-prediction,Bloomberg Foresees Bitcoin Rallying to $400K This Year,18,9,3,0,1617853248.0
https://mainichi.jp/english/articles/20210405/p2g/00m/0bu/028000c,Cosmic rays causing 30k network malfunctions in Japan each year,170,100,17,2,1617853345.0
https://blog.elcomsoft.com/2021/04/breaking-rar5-and-7zip-passwords/,Breaking RAR5 and 7Zip Passwords,37,3,14,3,1617853457.0
https://www.nature.com/articles/d41586-021-00868-5,Time to regulate AI that interprets human emotions?,145,237,15,0,1617853463.0
https://twitter.com/shituserstory,Shit User Story,29,6,4,0,1617853467.0
https://twitter.com/danrose999/status/1378393523213373440,What defines a great company culture?,208,162,16,0,1617853472.0
https://monadical.com/posts/cobol.html,Learning COBOL: A Journey for the Modern Programmer,88,58,12,2,1617853477.0
https://datasets.kensho.com/datasets/spgispeech,SPGISpeech: 5k hours of transcribed audio for ASR,12,0,5,2,1617853604.0
https://segment.com/blog/redefining-threat-modeling/,Redefining Threat Modeling: Security team goes on vacation,40,6,12,2,1617853629.0
https://yro.slashdot.org/story/21/04/07/2147259/google-illegally-tracking-android-users-according-to-new-complaint,"Google Illegally Tracking Android Users, According to New Complaint",5,0,2,0,1617853635.0
https://developers.redhat.com/blog/2021/04/06/c-9-pattern-matching/,C# 9 Pattern Matching,57,54,11,2,1617853645.0
https://www.loc.gov/rr/main/research/,Doing Research at the Library of Congress (2017),29,2,16,2,1617853696.0
https://www.ibm.com/ibm/history/exhibits/mainframe/mainframe_PR360.html,57 years ago: System/360 Announcement,11,4,9,2,1617853702.0
https://www.npr.org/2021/04/07/984837886/texas-courts-open-eviction-floodgates-we-just-stepped-off-a-cliff,Texas Courts Open Eviction Floodgates: 'We Just Stepped Off a Cliff',22,26,5,0,1617853710.0
https://github.com/signalapp/Signal-Server/commits/master,Signal Server code on GitHub is up to date again,260,161,12,2,1617853716.0
http://john.ankarstrom.se/html/,Writing HTML in HTML (2019),96,76,15,2,1617853720.0
https://leastprivilege.com/2020/03/31/spas-are-dead/,SPAs Are Dead?,87,97,9,0,1617853728.0
https://news.yahoo.com/sea-level-rise-killing-trees-122907917.html,"Sea level rise killing trees on Atlantic coast, ghost forests visible from space",25,3,6,1,1617853811.0
https://media.ccc.de/v/rc3-525180-what_have_we_lost,What have we lost? [video],209,81,14,1,1617853838.0
https://sacramento.cbslocal.com/2021/04/07/elk-grove-homeless-pay-keeping-clean/,"Elk Grove Paying Homeless People to Clean Up After Themselves, and It’s Working",19,7,6,0,1617853843.0
https://martinfowler.com/articles/bitemporal-history.html,Bitemporal History,14,0,10,2,1617853903.0
https://www.sarasoueidan.com/blog/horizontal-rules/,Not Your Typical Horizontal Rules,38,11,8,1,1617853965.0
https://www.bloomberg.com/news/features/2021-04-07/how-intel-intc-missed-the-mobile-revolution-and-fell-behind,Intel’s Latest Hail Mary Is a $20B Bet on American Manufacturing,8,0,3,0,1617853972.0
https://www.theregister.com/2021/04/07/max_schrems_google_complaint/,Privacy activist Max Schrems claims Google Advertising ID on Android is unlawful,100,19,15,0,1617853978.0
https://digesttime.com/2021/04/06/netflix-lost-9-of-the-market-share-as-competition-increases/,Netflix lost 9% of the market share as competition increases,27,56,2,0,1617853982.0
https://www.techdirt.com/articles/20210403/00101446546/another-day-another-ridiculous-ny-times-opinion-piece-that-is-confused-about-section-230-free-speech-online.shtml,Another Day Another Ridiculous NYT OpEd about Section 230 and Free Speech Online,11,0,5,0,1617854071.0
https://gregoryszorc.com/blog/2021/04/06/surprisingly-slow/,Surprisingly Slow,23,4,1,2,1617854137.0
https://gnucobol.sourceforge.io/,GnuCOBOL – a free/libre COBOL compiler,4,0,38,3,1617854145.0
https://99percentinvisible.org/episode/the-real-book/,The Real Book,4,0,4,2,1617854207.0
https://astralcodexten.substack.com/p/metis-and-bodybuilders,Metis and Bodybuilders,77,80,6,1,1617854257.0
https://www.france24.com/en/europe/20210407-left-wing-party-opposed-to-rare-earth-mining-project-wins-greenland-election,Left-wing party opposed to rare earth mining project wins Greenland election,120,69,17,0,1617854265.0
https://nautil.us/blog/-heres-how-well-know-an-ai-is-conscious,How We’ll Know an AI Is Conscious,5,3,7,0,1617854271.0
https://github.com/bionic-dev/bionic,Convert data exports from various services to a single SQLite database,7,0,11,2,1617854280.0
https://techcrunch.com/2021/04/07/snorkel-ai-scores-35m-series-b-to-automate-data-labeling-in-machine-learning-apps/,Snorkel AI scores $35M Series B to automate data labeling in machine learning,21,0,5,0,1617854284.0
https://crosscut.com/news/2021/03/courts-drug-possession-ruling-upends-was-criminal-justice-system,Court’s drug possession ruling upends WA’s criminal justice system,19,6,10,0,1617854291.0
https://www.bloomberg.com/news/articles/2021-04-07/twitter-is-said-to-have-discussed-4-billion-clubhouse-takeover,Twitter Held Discussions for $4B Takeover of Clubhouse,27,7,7,0,1617854296.0
https://www.youtube.com/watch?v=YjXfjdCmfD4,Make Is Crap,36,0,8,0,1617854301.0
https://www.pcgamer.com/nvidia-rtx-voice-noise-cancellation-geforce-gpu-supported/,You can now turn on Nvidia's excellent noise cancellation with any GeForce GPU,102,63,17,2,1617854311.0
https://www.schneier.com/,Signal Adds Cryptocurrency Support,6,0,3,0,1617854315.0
https://iranicaonline.org/articles/persepolis-graffiti,Persepolis Graffiti: Foreign Visitors (2015),9,1,12,0,1617854320.0
https://research.checkpoint.com/2021/new-wormable-android-malware-spreads-by-creating-auto-replies-to-messages-in-whatsapp/,New Wormable Android Malware Spreads by Creating Auto-Replies in WhatsApp,59,17,16,2,1617854325.0
https://whitehotharlots.tumblr.com/post/647740298162831360/a-movement-that-cannot-be-criticized-cannot,A movement that cannot be criticized cannot achieve positive goals,243,111,1,1,1617854335.0
https://arstechnica.com/gadgets/2021/04/google-is-now-writing-low-level-android-code-in-rust/,Google is writing low-level Android code in Rust,47,5,10,2,1617854384.0
https://1900jwatson.medium.com/the-best-books-to-learn-apache-kafka-b808f9be43d9,Show HN: Books to Learn Apache Kafka,20,2,16,0,1617854387.0
https://www.sciencenews.org/article/frog-skin-cells-self-made-living-machines-xenobots,Frog skin cells turned themselves into living machines,3,0,3,2,1617854391.0
https://9to5mac.com/2021/04/07/apple-officially-opens-find-my-network-to-third-party-products-as-airtags-launch-looms/,Apple officially opens Find My network to third-party products,5,0,4,0,1617854399.0
https://www.tomshardware.com/news/microsoft-boiling-liquid-servers,Microsoft Uses Boiling Liquid to Cool Data Center Servers,6,0,4,2,1617854404.0
https://www.apollographql.com/blog/dispatch-this-using-apollo-client-3-as-a-state-management-solution/,Dispatch This: Using Apollo Client 3 as a State Management Solution,4,0,10,2,1617854408.0
https://arstechnica.com/tech-policy/2021/04/google-of-illegally-tracking-android-users-according-to-new-complaint/,"Google Illegally Tracking Android Users, According to New Complaint",33,2,13,0,1617854412.0
https://www.youtube.com/watch?v=rNSVZs66o48,"There's no such thing as thread-unsafe code, only unsuitable threading [video]",4,0,3,2,1617854418.0
https://www.nytimes.com/2021/04/07/world/asia/jonone-vandalism-south-korea-art.html,Couple Defaced $400k Painting in S. Korea Thinking It Was Public Art Project,24,15,11,0,1617854481.0
https://www.psychnewsdaily.com/a-third-of-wfh-employees-say-theyd-rather-quit-than-return-to-full-time-office-work/,34% of remote workers would quit rather than return to full-time office work,426,295,10,0,1617854486.0
https://www.nytimes.com/2021/04/07/opinion/google-job-harassment.html,"After working at Google, I’ll never let myself love a job again",212,128,8,0,1617854492.0
https://www.latimes.com/world-nation/story/2021-04-06/most-kids-with-serious-inflammatory-illness-had-mild-covid,Most kids with serious inflammatory illness had mild Covid-19,10,0,9,1,1617854500.0
https://tedium.co/2021/04/07/make-digital-preservation-easier/,Is the Secret to Saving Old Websites Simplifying Digital Preservation?,6,0,13,2,1617854505.0
https://www.wsj.com/articles/china-creates-its-own-digital-currency-a-first-for-major-economy-11617634118,"China Creates Its Own Digital Currency, a First for Major Economy",30,21,13,0,1617854508.0
https://www.politico.com/news/2021/04/07/twitter-national-archives-realdonaldtrump-479743,Twitter won’t let National Archives revive realDonaldTrump,11,9,7,0,1617854516.0
https://www.infoworld.com/article/3614211/microsoft-unveils-its-own-java-distribution.html,Microsoft unveils its own Java distribution,30,27,12,2,1617854522.0
https://apnews.com/article/europe-rome-coronavirus-pandemic-coronavirus-vaccine-08d7d402fc20b371436898534f728f2e,EU agency to confirm AstraZeneca blood clot link,35,17,13,1,1617854526.0
https://github.com/sepfy/pear,A simple C implementation to stream H.264 to browser using WebRTC,33,0,46,3,1617863106.0
https://www.amd.com/en/press-releases/2021-04-07-amd-and-xilinx-stockholders-overwhelmingly-approve-amd-s-acquisition,AMD and Xilinx Stockholders Overwhelmingly Approve AMD’s Acquisition of Xilinx,91,14,3,2,1617863125.0
https://www.tabletmag.com/sections/arts-letters/articles/philip-roth-the-tourist,The Tourist: Philip Roth’s Czech KGB File,13,0,1,2,1617863131.0
https://innocenceproject.org/new-mexico-historic-legislation-to-end-qualified-immunity/,New Mexico is the second state to ban qualified immunity,158,61,1,0,1617863135.0
https://www.theparisreview.org/blog/2019/02/08/reading-in-the-age-of-constant-distraction/,Reading in the Age of Constant Distraction (2019),27,6,2,0,1617863140.0
https://www.thenation.com/article/culture/gogol-nose-other-stories/,Among the Rank and File: Nikolai Gogol in the Twilight of Empire,10,1,2,2,1617863148.0
https://www.simonsfoundation.org/2021/04/07/geometrical-thinking-offers-a-window-into-computation/,Geometrical Thinking Offers a Window into Computation,10,1,2,2,1617863155.0
https://technomancy.us/194,In which there is no such thing as a functional programming language,5,0,2,2,1617863167.0
https://hub.docker.com/search?q=wget&type=image,Ask HN: There's multiple wget Docker images with 5M+ pulls. Why?,6,2,1,2,1617863176.0
https://ericwbailey.design/writing/i-love-my-not-smart-tv/,I love my not-smart TV,11,1,6,0,1617863183.0
https://arxiv.org/abs/2002.11002,Turning 30: New Ideas in Inductive Logic Programming,3,0,6,2,1617863199.0
https://www.bbc.com/news/business-56647128,City drivers 'should think twice' before buying SUVs,4,1,6,0,1617863207.0
https://finance.yahoo.com/news/peter-thiel-calls-bitcoin-chinese-211058093.html,Peter Thiel Calls Bitcoin ‘A Chinese Financial Weapon’,3,0,42,0,1617863211.0
https://www.bloomberg.com/news/articles/2021-04-06/end-of-easy-credit-forces-painful-readjustment-for-china-s-gen-z,China's Gen Z Adjusts to Life Without Easy Credit,3,0,51,0,1617863216.0
https://samhartburn.co.uk/sh/can-you-sing-two-notes-at-once/,Can You Sing Two Notes at Once?,3,0,11,0,1617863223.0
https://www.pastemagazine.com/movies/netflix/netflix-dvd-service-plan-subscribers-discontinued-closing/,The Former Netflix DVD Library Is a Lost Treasure We’ll Never See Again,4,2,7,0,1617863228.0
https://engineering.atspotify.com/2021/04/07/building-the-future-of-our-desktop-apps,Building the Future of Our Desktop Apps,5,2,14,2,1617863235.0
http://edt.computerworld.com/q/12EpoI3oPnw9CzmPr214rvcu/wv,Fast and secure: Ethernet can be a better choice for your office than Wi-Fi,20,4,14,2,1617863295.0
https://lithub.com/rick-moody-on-how-a-photograph-can-tell-an-entire-story/,Rick Moody on How a Photograph Can Tell an Entire Story,11,1,21,1,1617863305.0
https://www.rollingstone.com/culture/culture-features/target-sex-trafficking-tiktok-hoax-1151665/,A Target Sex-Trafficking Hoax Is Going Viral on TikTok,3,1,6,0,1617863310.0
https://www.motherjones.com/environment/2020/06/gas-industry-influencers-stoves/,The Gas Industry Is Paying Instagram Influencers to Gush over Gas Stoves,12,11,12,0,1617863315.0
https://www.ft.com/content/2b71e009-bb96-46ee-b024-4c574ef41988,Uber and Lyft ‘throwing money’ at US drivers to ease shortage,13,1,13,0,1617863318.0
https://blog.jetbrains.com/idea/2021/04/intellij-idea-2021-1/,IntelliJ IDEA 2021.1,126,69,19,2,1617863323.0
https://agfundernews.com/beyond-meat-opens-factory-in-china-its-first-outside-us.html,"Beyond Meat opens China factory, its first outside US",6,0,10,0,1617863328.0
https://gsbdbi.github.io/ml_for_behavioral_science/index.html,Computational Applications to Behavioral Science,6,0,20,2,1617863333.0
https://threema.ch/en/messenger-vergleich,"Messenger Comparison – Threema, Signal, Telegram, WhatsApp",27,17,17,2,1617863337.0
https://www.scientificamerican.com/article/long-awaited-muon-measurement-boosts-evidence-for-new-physics/,Long-Awaited Muon Measurement Boosts Evidence for New Physics,33,1,15,2,1617863343.0
https://www.seattletimes.com/seattle-news/washingtons-drug-possession-law-has-been-deemed-unconstitutional-heres-what-the-legal-system-is-grappling-with-now/,"Washington state drug possession law struck down, legal system faces do-over",9,1,7,0,1617863349.0
https://www.stephendiehl.com/blog/signal.html,"Et Tu, Signal?",826,397,17,1,1617863376.0
https://twitter.com/bagder/status/1379897937141063686,I keep getting emails from NASA,3,0,7,1,1617863426.0
https://www.sfgate.com/streaming/article/hulu-wework-documentary-47-billion-unicorn-16081429.php,'Some kind of cult?': Hulu documentary depicts WeWork as the Fyre Fest of tech,7,0,9,0,1617863433.0
https://www.bleepingcomputer.com/news/security/adult-content-from-hundreds-of-onlyfans-creators-leaked-online/,Adult content from hundreds of OnlyFans creators leaked online,8,1,9,0,1617863438.0
https://www.reuters.com/article/us-clubhouse-m-a-twitter/twitter-held-talks-for-4-billion-takeover-of-clubhouse-bloomberg-news-idUSKBN2BU3AF,Twitter held talks for $4B takeover of Clubhouse,3,1,7,0,1617863442.0
https://www.nytimes.com/2021/04/06/opinion/stanford-admissions-campus.html,Stanford Should Clone Itself,3,1,8,0,1617863447.0
https://stackoverflow.com/questions/2009063/are-disk-sector-writes-atomic,Are disk sector writes atomic?,9,2,15,3,1617863452.0
https://www.bloomberg.com/news/articles/2021-04-07/peter-thiel-calls-bitcoin-a-chinese-financial-weapon-at-virtual-roundtable,Peter Thiel calls Bitcoin a Chinese financial weapon,21,9,9,1,1617863462.0
https://reason.com/2021/04/07/60-minutes-cbs-media-bias-desantis-publix/,Why Hasn't the Mainstream Media Pilloried 60 Mins for Spreading Misinformation?,46,12,13,0,1617863467.0
https://www.schneier.com/blog/archives/2021/04/wtf-signal-adds-cryptocurrency-support.html,Signal Adds Cryptocurrency Support,407,238,18,1,1617863471.0
https://www.cnbc.com/2021/04/07/ups-to-buy-evtol-aircraft-to-speed-up-package-delivery-in-small-markets.html,UPS agrees to buy 10 electric vertical takeoff and landing aircraft,10,3,12,0,1617863478.0
https://twitter.com/sharifshameem/status/1379756878062710789,How to use GPT-3 recursively to solve general problems,12,0,17,2,1617863481.0
https://www.bloomberg.com/news/articles/2021-04-07/jellyfish-like-organisms-halt-two-south-korean-nuclear-reactors,Jellyfish-Like Organisms Halt Two South Korean Nuclear Reactors,8,1,18,2,1617863492.0
https://arstechnica.com/tech-policy/2021/04/uber-and-lyft-struggle-with-driver-shortage-as-demand-soars/,Riders face long waits as Uber and Lyft struggle to recruit drivers,3,2,10,0,1617863498.0
https://www.thenewatlantis.com/publications/welcoming-our-new-robot-overlords,Warnings of AI doom gave way to primal fear of primates posting,3,0,1,0,1617864383.0
https://edithwhartonsociety.wordpress.com/2014/08/08/reply-edith-wharton-on-henry-jamess-asking-for-directions/,Edith Wharton on Henry James’s asking for directions (2014),4,0,1,1,1617864396.0
https://www.eff.org/deeplinks/2021/04/what-movie-studios-refuse-understand-about-streaming,What Movie Studios Refuse to Understand About Streaming,4,0,56,1,1617864405.0
https://www.bbc.com/news/health-56665517,UK Covid: Under-30s offered alternative to AstraZeneca jab,22,20,16,2,1617864420.0
https://www.nytimes.com/2021/04/06/style/trillion.html,How Many Is a Trillion?,4,0,11,1,1617864424.0
https://jvns.ca/blog/2021/04/03/what-problems-do-people-solve-with-strace/,What problems do people solve with strace?,3,1,59,2,1617864493.0
